Workbook

Sheet 사용법
A1: 블로그 KPI 트래커 (ETF·금융정책, 네이버 + 티스토리)
A2: 전략 문서: docs/블로그-성장전략-ETF금융.md
A4: 셀 색 구분
A5: 노란 배경 + 파란 글씨 = 직접 입력하는 칸
A6: 검정 글씨 = 수식 (수정하지 마세요)
A7: 초록 글씨 = 다른 시트에서 가져오는 값
A9: 순서
A10: 1) 1주차: '기준값' 시트에 최근 4주 평균 수치를 입력 → '주간KPI'의 목표치가 자동 계산됩니다
A11: 2) 매주 일요일: '주간KPI'에 지난주 실적 입력 → 달성률 확인
A12: 3) 글을 발행할 때마다 '글별성과'에 한 줄 추가, 2주 뒤 조회수·순위 기록 → '조치' 열 확인
A13: 4) 새 키워드 아이디어는 '키워드백로그'에 추가 → 우선순위 점수가 높은 것부터 작성
A15: 예시 행: 각 시트 첫 데이터 행(회색 기울임)은 입력 형식을 보여주는 예시입니다. 실제 데이터로 덮어쓰세요.

Sheet 기준값
A1: 기준값 (1주차 진단: 최근 4주 주간 평균)
A3: 지표 | B3: 기준값 | C3: 4주 목표 배수/증분 | D3: 8주 목표 | E3: 12주 목표 | F3: 단위 | G3: 어디서 확인
A4: 네이버 주간 조회수 | C4: 1.3 | D4: 1.8 | E4: 2.5 | F4: 배수 | G4: 블로그 통계 → 조회수
A5: 네이버 홈피드 유입 비율 | C5: 0.05 | D5: 0.1 | E5: 0.15 | F5: +%p | G5: 통계 → 유입분석 → 유입경로
A6: AI 브리핑 인용 수(누적) | C6: 1 | D6: 5 | E6: 15 | F6: 건(절대) | G6: 통계 / AI 활용 설정
A7: 티스토리 주간 방문자 | C7: 1.2 | D7: 2 | E7: 3 | F7: 배수 | G7: 티스토리 관리 → 통계
A8: 구글 주간 노출수 | C8: 1.5 | D8: 3 | E8: 5 | F8: 배수 | G8: 서치콘솔 → 실적
A9: 구글 평균 CTR | C9: 0.02 | D9: 0.03 | E9: 0.035 | F9: 절대 | G9: 서치콘솔 → 실적
A10: 평균 체류시간(초) | C10: 90 | D10: 120 | E10: 150 | F10: 초(절대) | G10: 네이버 통계 → 사용자 분석
A12: 목표 배수 가정: AI 브리핑 이후 네이버 검색 유입 감소 추세(2026 보도 기준)를 감안한 보수적 추정치. 4주차 점검 후 조정하세요.
A13: '기준값'은 사용자가 직접 입력 (블로그 통계). 비워두면 목표 칸은 빈칸으로 표시됩니다.

Sheet 주간KPI
A1: 주차 | B1: 시작일 | C1: 네이버 조회수 | D1: 목표 | E1: 달성률 | F1: 홈피드 유입비율 | G1: 목표 | H1: AI브리핑 인용(누적) | I1: 목표 | J1: 티스토리 방문자 | K1: 목표 | L1: 달성률 | M1: 구글 노출수 | N1: 구글 클릭수 | O1: CTR | P1: CTR 목표 | Q1: 평균 게재순위 | R1: 체류시간(초) | S1: 발행 수(N/T) | T1: 메모
A2: 1 | B2: 46300 | D2: =IF(기준값!$B$4="","",ROUND(기준값!$B$4*기준값!$C$4,0)) | E2: =IF(OR(C2="",D2="",D2=0),"",C2/D2) | G2: =IF(기준값!$B$5="","",기준값!$B$5+기준값!$C$5) | I2: =기준값!$C$6 | K2: =IF(기준값!$B$7="","",ROUND(기준값!$B$7*기준값!$C$7,0)) | L2: =IF(OR(J2="",K2="",K2=0),"",J2/K2) | O2: =IF(OR(M2="",N2="",M2=0),"",N2/M2) | P2: =기준값!$C$9
A3: 2 | B3: 46307 | D3: =IF(기준값!$B$4="","",ROUND(기준값!$B$4*기준값!$C$4,0)) | E3: =IF(OR(C3="",D3="",D3=0),"",C3/D3) | G3: =IF(기준값!$B$5="","",기준값!$B$5+기준값!$C$5) | I3: =기준값!$C$6 | K3: =IF(기준값!$B$7="","",ROUND(기준값!$B$7*기준값!$C$7,0)) | L3: =IF(OR(J3="",K3="",K3=0),"",J3/K3) | O3: =IF(OR(M3="",N3="",M3=0),"",N3/M3) | P3: =기준값!$C$9
A4: 3 | B4: 46314 | D4: =IF(기준값!$B$4="","",ROUND(기준값!$B$4*기준값!$C$4,0)) | E4: =IF(OR(C4="",D4="",D4=0),"",C4/D4) | G4: =IF(기준값!$B$5="","",기준값!$B$5+기준값!$C$5) | I4: =기준값!$C$6 | K4: =IF(기준값!$B$7="","",ROUND(기준값!$B$7*기준값!$C$7,0)) | L4: =IF(OR(J4="",K4="",K4=0),"",J4/K4) | O4: =IF(OR(M4="",N4="",M4=0),"",N4/M4) | P4: =기준값!$C$9
A5: 4 | B5: 46321 | D5: =IF(기준값!$B$4="","",ROUND(기준값!$B$4*기준값!$C$4,0)) | E5: =IF(OR(C5="",D5="",D5=0),"",C5/D5) | G5: =IF(기준값!$B$5="","",기준값!$B$5+기준값!$C$5) | I5: =기준값!$C$6 | K5: =IF(기준값!$B$7="","",ROUND(기준값!$B$7*기준값!$C$7,0)) | L5: =IF(OR(J5="",K5="",K5=0),"",J5/K5) | O5: =IF(OR(M5="",N5="",M5=0),"",N5/M5) | P5: =기준값!$C$9
A6: 5 | B6: 46328 | D6: =IF(기준값!$B$4="","",ROUND(기준값!$B$4*기준값!$D$4,0)) | E6: =IF(OR(C6="",D6="",D6=0),"",C6/D6) | G6: =IF(기준값!$B$5="","",기준값!$B$5+기준값!$D$5) | I6: =기준값!$D$6 | K6: =IF(기준값!$B$7="","",ROUND(기준값!$B$7*기준값!$D$7,0)) | L6: =IF(OR(J6="",K6="",K6=0),"",J6/K6) | O6: =IF(OR(M6="",N6="",M6=0),"",N6/M6) | P6: =기준값!$D$9
A7: 6 | B7: 46335 | D7: =IF(기준값!$B$4="","",ROUND(기준값!$B$4*기준값!$D$4,0)) | E7: =IF(OR(C7="",D7="",D7=0),"",C7/D7) | G7: =IF(기준값!$B$5="","",기준값!$B$5+기준값!$D$5) | I7: =기준값!$D$6 | K7: =IF(기준값!$B$7="","",ROUND(기준값!$B$7*기준값!$D$7,0)) | L7: =IF(OR(J7="",K7="",K7=0),"",J7/K7) | O7: =IF(OR(M7="",N7="",M7=0),"",N7/M7) | P7: =기준값!$D$9
A8: 7 | B8: 46342 | D8: =IF(기준값!$B$4="","",ROUND(기준값!$B$4*기준값!$D$4,0)) | E8: =IF(OR(C8="",D8="",D8=0),"",C8/D8) | G8: =IF(기준값!$B$5="","",기준값!$B$5+기준값!$D$5) | I8: =기준값!$D$6 | K8: =IF(기준값!$B$7="","",ROUND(기준값!$B$7*기준값!$D$7,0)) | L8: =IF(OR(J8="",K8="",K8=0),"",J8/K8) | O8: =IF(OR(M8="",N8="",M8=0),"",N8/M8) | P8: =기준값!$D$9
A9: 8 | B9: 46349 | D9: =IF(기준값!$B$4="","",ROUND(기준값!$B$4*기준값!$D$4,0)) | E9: =IF(OR(C9="",D9="",D9=0),"",C9/D9) | G9: =IF(기준값!$B$5="","",기준값!$B$5+기준값!$D$5) | I9: =기준값!$D$6 | K9: =IF(기준값!$B$7="","",ROUND(기준값!$B$7*기준값!$D$7,0)) | L9: =IF(OR(J9="",K9="",K9=0),"",J9/K9) | O9: =IF(OR(M9="",N9="",M9=0),"",N9/M9) | P9: =기준값!$D$9
A10: 9 | B10: 46356 | D10: =IF(기준값!$B$4="","",ROUND(기준값!$B$4*기준값!$E$4,0)) | E10: =IF(OR(C10="",D10="",D10=0),"",C10/D10) | G10: =IF(기준값!$B$5="","",기준값!$B$5+기준값!$E$5) | I10: =기준값!$E$6 | K10: =IF(기준값!$B$7="","",ROUND(기준값!$B$7*기준값!$E$7,0)) | L10: =IF(OR(J10="",K10="",K10=0),"",J10/K10) | O10: =IF(OR(M10="",N10="",M10=0),"",N10/M10) | P10: =기준값!$E$9
A11: 10 | B11: 46363 | D11: =IF(기준값!$B$4="","",ROUND(기준값!$B$4*기준값!$E$4,0)) | E11: =IF(OR(C11="",D11="",D11=0),"",C11/D11) | G11: =IF(기준값!$B$5="","",기준값!$B$5+기준값!$E$5) | I11: =기준값!$E$6 | K11: =IF(기준값!$B$7="","",ROUND(기준값!$B$7*기준값!$E$7,0)) | L11: =IF(OR(J11="",K11="",K11=0),"",J11/K11) | O11: =IF(OR(M11="",N11="",M11=0),"",N11/M11) | P11: =기준값!$E$9
A12: 11 | B12: 46370 | D12: =IF(기준값!$B$4="","",ROUND(기준값!$B$4*기준값!$E$4,0)) | E12: =IF(OR(C12="",D12="",D12=0),"",C12/D12) | G12: =IF(기준값!$B$5="","",기준값!$B$5+기준값!$E$5) | I12: =기준값!$E$6 | K12: =IF(기준값!$B$7="","",ROUND(기준값!$B$7*기준값!$E$7,0)) | L12: =IF(OR(J12="",K12="",K12=0),"",J12/K12) | O12: =IF(OR(M12="",N12="",M12=0),"",N12/M12) | P12: =기준값!$E$9
A13: 12 | B13: 46377 | D13: =IF(기준값!$B$4="","",ROUND(기준값!$B$4*기준값!$E$4,0)) | E13: =IF(OR(C13="",D13="",D13=0),"",C13/D13) | G13: =IF(기준값!$B$5="","",기준값!$B$5+기준값!$E$5) | I13: =기준값!$E$6 | K13: =IF(기준값!$B$7="","",ROUND(기준값!$B$7*기준값!$E$7,0)) | L13: =IF(OR(J13="",K13="",K13=0),"",J13/K13) | O13: =IF(OR(M13="",N13="",M13=0),"",N13/M13) | P13: =기준값!$E$9
A15: 목표 = 기준값 × 구간별 배수 (1~4주: 4주 목표, 5~8주: 8주 목표, 9~12주: 12주 목표). 달성률 80% 미만 빨강, 100% 이상 초록.

Sheet 글별성과
A1: 발행일 | B1: 플랫폼 | C1: 클러스터 | D1: 제목 | E1: 메인 키워드 | F1: URL | G1: 2주 조회수 | H1: 4주 조회수 | I1: 구글 게재순위 | J1: 구글 노출 | K1: 구글 CTR | L1: AI브리핑 인용 | M1: 업데이트일 | N1: 조치 | P1: 판단 규칙
A2: 46301 | B2: 네이버 | C2: A.ISA | D2: ISA 개편 철회 총정리 (9/1 확정): 기존 가입자가 할 일 3가지 | E2: ISA 개편 철회 | F2: https://blog.naver.com/(내 블로그)/(글번호) | G2: 850 | H2: 1400 | L2: Y | N2: =IF(D2="","",IF(AND(J2<>"",J2>=100,K2<>"",K2<0.02),"제목·메타설명 수정",IF(AND(I2<>"",I2>=8,I2<=20),"본문 보강(표·FAQ·경험)",IF(AND(G2<>"",COUNT($G$2:$G$300)>=5,G2<=PERCENTILE($G$2:$G$300,0.3)),"하위30%: 제목·첫문단 수정","유지")))) | P2: 구글 노출 ≥100 & CTR <2% → 제목·메타설명 수정
N3: =IF(D3="","",IF(AND(J3<>"",J3>=100,K3<>"",K3<0.02),"제목·메타설명 수정",IF(AND(I3<>"",I3>=8,I3<=20),"본문 보강(표·FAQ·경험)",IF(AND(G3<>"",COUNT($G$2:$G$300)>=5,G3<=PERCENTILE($G$2:$G$300,0.3)),"하위30%: 제목·첫문단 수정","유지")))) | P3: 구글 게재순위 8~20위 → 본문 보강
N4: =IF(D4="","",IF(AND(J4<>"",J4>=100,K4<>"",K4<0.02),"제목·메타설명 수정",IF(AND(I4<>"",I4>=8,I4<=20),"본문 보강(표·FAQ·경험)",IF(AND(G4<>"",COUNT($G$2:$G$300)>=5,G4<=PERCENTILE($G$2:$G$300,0.3)),"하위30%: 제목·첫문단 수정","유지")))) | P4: 2주 조회수 하위 30% (글 5개 이상일 때) → 제목·첫 문단 수정
N5: =IF(D5="","",IF(AND(J5<>"",J5>=100,K5<>"",K5<0.02),"제목·메타설명 수정",IF(AND(I5<>"",I5>=8,I5<=20),"본문 보강(표·FAQ·경험)",IF(AND(G5<>"",COUNT($G$2:$G$300)>=5,G5<=PERCENTILE($G$2:$G$300,0.3)),"하위30%: 제목·첫문단 수정","유지")))) | P5: 정책 변경 시 관련 글 48시간 안에 업데이트 (업데이트일 기록)
N6: =IF(D6="","",IF(AND(J6<>"",J6>=100,K6<>"",K6<0.02),"제목·메타설명 수정",IF(AND(I6<>"",I6>=8,I6<=20),"본문 보강(표·FAQ·경험)",IF(AND(G6<>"",COUNT($G$2:$G$300)>=5,G6<=PERCENTILE($G$2:$G$300,0.3)),"하위30%: 제목·첫문단 수정","유지")))) | P6: 2행은 예시입니다 (수치는 가상). 덮어쓰세요.
N7: =IF(D7="","",IF(AND(J7<>"",J7>=100,K7<>"",K7<0.02),"제목·메타설명 수정",IF(AND(I7<>"",I7>=8,I7<=20),"본문 보강(표·FAQ·경험)",IF(AND(G7<>"",COUNT($G$2:$G$300)>=5,G7<=PERCENTILE($G$2:$G$300,0.3)),"하위30%: 제목·첫문단 수정","유지"))))
N8: =IF(D8="","",IF(AND(J8<>"",J8>=100,K8<>"",K8<0.02),"제목·메타설명 수정",IF(AND(I8<>"",I8>=8,I8<=20),"본문 보강(표·FAQ·경험)",IF(AND(G8<>"",COUNT($G$2:$G$300)>=5,G8<=PERCENTILE($G$2:$G$300,0.3)),"하위30%: 제목·첫문단 수정","유지"))))
N9: =IF(D9="","",IF(AND(J9<>"",J9>=100,K9<>"",K9<0.02),"제목·메타설명 수정",IF(AND(I9<>"",I9>=8,I9<=20),"본문 보강(표·FAQ·경험)",IF(AND(G9<>"",COUNT($G$2:$G$300)>=5,G9<=PERCENTILE($G$2:$G$300,0.3)),"하위30%: 제목·첫문단 수정","유지"))))
N10: =IF(D10="","",IF(AND(J10<>"",J10>=100,K10<>"",K10<0.02),"제목·메타설명 수정",IF(AND(I10<>"",I10>=8,I10<=20),"본문 보강(표·FAQ·경험)",IF(AND(G10<>"",COUNT($G$2:$G$300)>=5,G10<=PERCENTILE($G$2:$G$300,0.3)),"하위30%: 제목·첫문단 수정","유지"))))
N11: =IF(D11="","",IF(AND(J11<>"",J11>=100,K11<>"",K11<0.02),"제목·메타설명 수정",IF(AND(I11<>"",I11>=8,I11<=20),"본문 보강(표·FAQ·경험)",IF(AND(G11<>"",COUNT($G$2:$G$300)>=5,G11<=PERCENTILE($G$2:$G$300,0.3)),"하위30%: 제목·첫문단 수정","유지"))))
N12: =IF(D12="","",IF(AND(J12<>"",J12>=100,K12<>"",K12<0.02),"제목·메타설명 수정",IF(AND(I12<>"",I12>=8,I12<=20),"본문 보강(표·FAQ·경험)",IF(AND(G12<>"",COUNT($G$2:$G$300)>=5,G12<=PERCENTILE($G$2:$G$300,0.3)),"하위30%: 제목·첫문단 수정","유지"))))
N13: =IF(D13="","",IF(AND(J13<>"",J13>=100,K13<>"",K13<0.02),"제목·메타설명 수정",IF(AND(I13<>"",I13>=8,I13<=20),"본문 보강(표·FAQ·경험)",IF(AND(G13<>"",COUNT($G$2:$G$300)>=5,G13<=PERCENTILE($G$2:$G$300,0.3)),"하위30%: 제목·첫문단 수정","유지"))))
N14: =IF(D14="","",IF(AND(J14<>"",J14>=100,K14<>"",K14<0.02),"제목·메타설명 수정",IF(AND(I14<>"",I14>=8,I14<=20),"본문 보강(표·FAQ·경험)",IF(AND(G14<>"",COUNT($G$2:$G$300)>=5,G14<=PERCENTILE($G$2:$G$300,0.3)),"하위30%: 제목·첫문단 수정","유지"))))
N15: =IF(D15="","",IF(AND(J15<>"",J15>=100,K15<>"",K15<0.02),"제목·메타설명 수정",IF(AND(I15<>"",I15>=8,I15<=20),"본문 보강(표·FAQ·경험)",IF(AND(G15<>"",COUNT($G$2:$G$300)>=5,G15<=PERCENTILE($G$2:$G$300,0.3)),"하위30%: 제목·첫문단 수정","유지"))))
N16: =IF(D16="","",IF(AND(J16<>"",J16>=100,K16<>"",K16<0.02),"제목·메타설명 수정",IF(AND(I16<>"",I16>=8,I16<=20),"본문 보강(표·FAQ·경험)",IF(AND(G16<>"",COUNT($G$2:$G$300)>=5,G16<=PERCENTILE($G$2:$G$300,0.3)),"하위30%: 제목·첫문단 수정","유지"))))
N17: =IF(D17="","",IF(AND(J17<>"",J17>=100,K17<>"",K17<0.02),"제목·메타설명 수정",IF(AND(I17<>"",I17>=8,I17<=20),"본문 보강(표·FAQ·경험)",IF(AND(G17<>"",COUNT($G$2:$G$300)>=5,G17<=PERCENTILE($G$2:$G$300,0.3)),"하위30%: 제목·첫문단 수정","유지"))))
N18: =IF(D18="","",IF(AND(J18<>"",J18>=100,K18<>"",K18<0.02),"제목·메타설명 수정",IF(AND(I18<>"",I18>=8,I18<=20),"본문 보강(표·FAQ·경험)",IF(AND(G18<>"",COUNT($G$2:$G$300)>=5,G18<=PERCENTILE($G$2:$G$300,0.3)),"하위30%: 제목·첫문단 수정","유지"))))
... N300: =IF(D300="","",IF(AND(J300<>"",J300>=100,K300<>"",K300<0.02),"제목·메타설명 수정",IF(AND(I300<>"",I300>=8,I300<=20),"본문 보강(표·FAQ·경험)",IF(AND(G300<>"",COUNT($G$2:$G$300)>=5,G300<=PERCENTILE($G$2:$G$300,0.3)),"하위30%: 제목·첫문단 수정","유지"))))

Sheet 키워드백로그
A1: 키워드 | B1: 클러스터 | C1: 대상 플랫폼 | D1: 월간 검색수(네이버) | E1: 경쟁도(1~5) | F1: 시즌 가중치 | G1: 검색수 점수 | H1: 우선순위 점수 | I1: 상태 | J1: 메모 | L1: 안내
A2: ISA 개편 철회 | B2: A.ISA | C2: 네이버 | F2: 1.5 | G2: =IF(D2="","",IF(D2<300,1,IF(D2<1000,2,IF(D2<5000,4,IF(D2<30000,5,3))))) | H2: =IF(OR(G2="",E2="",E2=0),"",ROUND(G2*F2/E2,2)) | I2: 대기 | J2: 정책 속보, 9/1 확정 | L2: 키워드 15개는 전략 문서의 클러스터에서 뽑은 시드입니다.
A3: 생산적금융 ISA 가입조건 | B3: A.ISA | C3: 둘 다 | F3: 1.5 | G3: =IF(D3="","",IF(D3<300,1,IF(D3<1000,2,IF(D3<5000,4,IF(D3<30000,5,3))))) | H3: =IF(OR(G3="",E3="",E3=0),"",ROUND(G3*F3/E3,2)) | I3: 대기 | J3: 출시 전후 급증 예상 | L3: 월간 검색수·경쟁도는 비어 있습니다: 네이버 검색광고 → 키워드도구에서 확인해 입력하세요.
A4: 생산적금융 ISA 일반 ISA 차이 | B4: A.ISA | C4: 티스토리 | F4: 1.3 | G4: =IF(D4="","",IF(D4<300,1,IF(D4<1000,2,IF(D4<5000,4,IF(D4<30000,5,3))))) | H4: =IF(OR(G4="",E4="",E4=0),"",ROUND(G4*F4/E4,2)) | I4: 대기 | J4: 비교표 글 | L4: 검색수 점수: 300 미만=1, 1천 미만=2, 5천 미만=4, 3만 미만=5, 3만 이상=3 (대형 키워드는 경쟁이 심해 감점)
A5: ISA 계좌 ETF 추천 | B5: A.ISA | C5: 티스토리 | F5: 1.2 | G5: =IF(D5="","",IF(D5<300,1,IF(D5<1000,2,IF(D5<5000,4,IF(D5<30000,5,3))))) | H5: =IF(OR(G5="",E5="",E5=0),"",ROUND(G5*F5/E5,2)) | I5: 대기 | J5: 에버그린 | L5: 시즌 가중치(2026년 4분기 기준 추정): 1.5=지금 피크, 1.0=평소
A6: ISA 만기 연금저축 이체 | B6: A.ISA | C6: 둘 다 | F6: 1.2 | G6: =IF(D6="","",IF(D6<300,1,IF(D6<1000,2,IF(D6<5000,4,IF(D6<30000,5,3))))) | H6: =IF(OR(G6="",E6="",E6=0),"",ROUND(G6*F6/E6,2)) | I6: 대기 | J6: 10% 최대 300만 원 추가 세액공제 | L6: 우선순위 점수 = 검색수 점수 × 시즌 가중치 ÷ 경쟁도 → 높은 순으로 정렬해 작성
A7: 연금저축 세액공제 한도 | B7: B.연금·절세 | C7: 티스토리 | F7: 1.5 | G7: =IF(D7="","",IF(D7<300,1,IF(D7<1000,2,IF(D7<5000,4,IF(D7<30000,5,3))))) | H7: =IF(OR(G7="",E7="",E7=0),"",ROUND(G7*F7/E7,2)) | I7: 대기 | J7: 11~12월 피크
A8: IRP ETF 투자 방법 | B8: B.연금·절세 | C8: 티스토리 | F8: 1.3 | G8: =IF(D8="","",IF(D8<300,1,IF(D8<1000,2,IF(D8<5000,4,IF(D8<30000,5,3))))) | H8: =IF(OR(G8="",E8="",E8=0),"",ROUND(G8*F8/E8,2)) | I8: 대기
A9: 연말 절세 체크리스트 | B9: B.연금·절세 | C9: 네이버 | F9: 1.5 | G9: =IF(D9="","",IF(D9<300,1,IF(D9<1000,2,IF(D9<5000,4,IF(D9<30000,5,3))))) | H9: =IF(OR(G9="",E9="",E9=0),"",ROUND(G9*F9/E9,2)) | I9: 대기 | J9: 12월 마감
A10: 퇴직연금 안전자산 30% ETF | B10: B.연금·절세 | C10: 티스토리 | F10: 1.1 | G10: =IF(D10="","",IF(D10<300,1,IF(D10<1000,2,IF(D10<5000,4,IF(D10<30000,5,3))))) | H10: =IF(OR(G10="",E10="",E10=0),"",ROUND(G10*F10/E10,2)) | I10: 대기
A11: 고배당 ETF 비교 | B11: C.배당ETF | C11: 둘 다 | F11: 1.3 | G11: =IF(D11="","",IF(D11<300,1,IF(D11<1000,2,IF(D11<5000,4,IF(D11<30000,5,3))))) | H11: =IF(OR(G11="",E11="",E11=0),"",ROUND(G11*F11/E11,2)) | I11: 대기 | J11: 세제개편 수혜
A12: 월배당 ETF 분배금 지급일 | B12: C.배당ETF | C12: 티스토리 | F12: 1 | G12: =IF(D12="","",IF(D12<300,1,IF(D12<1000,2,IF(D12<5000,4,IF(D12<30000,5,3))))) | H12: =IF(OR(G12="",E12="",E12=0),"",ROUND(G12*F12/E12,2)) | I12: 대기 | J12: 캘린더형 글
A13: 커버드콜 ETF 단점 | B13: C.배당ETF | C13: 티스토리 | F13: 1 | G13: =IF(D13="","",IF(D13<300,1,IF(D13<1000,2,IF(D13<5000,4,IF(D13<30000,5,3))))) | H13: =IF(OR(G13="",E13="",E13=0),"",ROUND(G13*F13/E13,2)) | I13: 대기 | J13: 위험 설명형
A14: AI 반도체 ETF 비교 | B14: D.테마ETF | C14: 둘 다 | F14: 1 | G14: =IF(D14="","",IF(D14<300,1,IF(D14<1000,2,IF(D14<5000,4,IF(D14<30000,5,3))))) | H14: =IF(OR(G14="",E14="",E14=0),"",ROUND(G14*F14/E14,2)) | I14: 대기
A15: 신규 상장 ETF 10월 | B15: D.테마ETF | C15: 네이버 | F15: 1.2 | G15: =IF(D15="","",IF(D15<300,1,IF(D15<1000,2,IF(D15<5000,4,IF(D15<30000,5,3))))) | H15: =IF(OR(G15="",E15="",E15=0),"",ROUND(G15*F15/E15,2)) | I15: 대기 | J15: 월간 시리즈
A16: 세제개편안 국회 통과 | B16: E.정책속보 | C16: 네이버 | F16: 1.5 | G16: =IF(D16="","",IF(D16<300,1,IF(D16<1000,2,IF(D16<5000,4,IF(D16<30000,5,3))))) | H16: =IF(OR(G16="",E16="",E16=0),"",ROUND(G16*F16/E16,2)) | I16: 대기 | J16: 12월 초 정기국회
G17: =IF(D17="","",IF(D17<300,1,IF(D17<1000,2,IF(D17<5000,4,IF(D17<30000,5,3))))) | H17: =IF(OR(G17="",E17="",E17=0),"",ROUND(G17*F17/E17,2))
G18: =IF(D18="","",IF(D18<300,1,IF(D18<1000,2,IF(D18<5000,4,IF(D18<30000,5,3))))) | H18: =IF(OR(G18="",E18="",E18=0),"",ROUND(G18*F18/E18,2))
G19: =IF(D19="","",IF(D19<300,1,IF(D19<1000,2,IF(D19<5000,4,IF(D19<30000,5,3))))) | H19: =IF(OR(G19="",E19="",E19=0),"",ROUND(G19*F19/E19,2))
G20: =IF(D20="","",IF(D20<300,1,IF(D20<1000,2,IF(D20<5000,4,IF(D20<30000,5,3))))) | H20: =IF(OR(G20="",E20="",E20=0),"",ROUND(G20*F20/E20,2))
G21: =IF(D21="","",IF(D21<300,1,IF(D21<1000,2,IF(D21<5000,4,IF(D21<30000,5,3))))) | H21: =IF(OR(G21="",E21="",E21=0),"",ROUND(G21*F21/E21,2))
G22: =IF(D22="","",IF(D22<300,1,IF(D22<1000,2,IF(D22<5000,4,IF(D22<30000,5,3))))) | H22: =IF(OR(G22="",E22="",E22=0),"",ROUND(G22*F22/E22,2))
G23: =IF(D23="","",IF(D23<300,1,IF(D23<1000,2,IF(D23<5000,4,IF(D23<30000,5,3))))) | H23: =IF(OR(G23="",E23="",E23=0),"",ROUND(G23*F23/E23,2))
G24: =IF(D24="","",IF(D24<300,1,IF(D24<1000,2,IF(D24<5000,4,IF(D24<30000,5,3))))) | H24: =IF(OR(G24="",E24="",E24=0),"",ROUND(G24*F24/E24,2))
G25: =IF(D25="","",IF(D25<300,1,IF(D25<1000,2,IF(D25<5000,4,IF(D25<30000,5,3))))) | H25: =IF(OR(G25="",E25="",E25=0),"",ROUND(G25*F25/E25,2))
G26: =IF(D26="","",IF(D26<300,1,IF(D26<1000,2,IF(D26<5000,4,IF(D26<30000,5,3))))) | H26: =IF(OR(G26="",E26="",E26=0),"",ROUND(G26*F26/E26,2))
G27: =IF(D27="","",IF(D27<300,1,IF(D27<1000,2,IF(D27<5000,4,IF(D27<30000,5,3))))) | H27: =IF(OR(G27="",E27="",E27=0),"",ROUND(G27*F27/E27,2))
G28: =IF(D28="","",IF(D28<300,1,IF(D28<1000,2,IF(D28<5000,4,IF(D28<30000,5,3))))) | H28: =IF(OR(G28="",E28="",E28=0),"",ROUND(G28*F28/E28,2))
... G100: =IF(D100="","",IF(D100<300,1,IF(D100<1000,2,IF(D100<5000,4,IF(D100<30000,5,3))))) | H100: =IF(OR(G100="",E100="",E100=0),"",ROUND(G100*F100/E100,2))

Sheet 콘텐츠캘린더
A1: 주차 | B1: 시작일 | C1: 중점 작업 | D1: 네이버 발행 목표 | E1: 티스토리 발행 목표 | F1: 주요 글 | G1: 실제 발행(N) | H1: 실제 발행(T) | I1: 달성
A2: 1 | B2: 46300 | C2: 진단, 기술 점검, 키워드 백로그 30개 | D2: 2 | E2: 1 | F2: ISA 개편 철회 정리 (속보, 가장 먼저) | I2: =IF(OR(G2="",H2=""),"",IF(AND(G2>=D2,H2>=E2),"O","X"))
A3: 2 | B3: 46307 | C3: 기존 상위 10개 글 리라이팅 | D3: 3 | E3: 2 | F3: ISA 허브 글 (티스토리) | I3: =IF(OR(G3="",H3=""),"",IF(AND(G3>=D3,H3>=E3),"O","X"))
A4: 3 | B4: 46314 | C4: 클러스터 A 완성 | D4: 3 | E4: 2 | F4: 생산적금융 ISA vs 일반 ISA / ISA에 담을 ETF | I4: =IF(OR(G4="",H4=""),"",IF(AND(G4>=D4,H4>=E4),"O","X"))
A5: 4 | B5: 46321 | C5: 1차 점검: CTR 낮은 글 제목 수정 | D5: 3 | E5: 2 | F5: 고배당 ETF 비교 | I5: =IF(OR(G5="",H5=""),"",IF(AND(G5>=D5,H5>=E5),"O","X"))
A6: 5 | B6: 46328 | C6: 클러스터 C | D6: 3 | E6: 2 | F6: 월배당·커버드콜 ETF | I6: =IF(OR(G6="",H6=""),"",IF(AND(G6>=D6,H6>=E6),"O","X"))
A7: 6 | B7: 46335 | C7: 클러스터 B 시작 (연말 수요 선점) | D7: 3 | E7: 2 | F7: 연금저축·IRP ETF 허브 | I7: =IF(OR(G7="",H7=""),"",IF(AND(G7>=D7,H7>=E7),"O","X"))
A8: 7 | B8: 46342 | C8: 클러스터 B | D8: 3 | E8: 2 | F8: 세액공제 계산 / ISA→연금 이체 | I8: =IF(OR(G8="",H8=""),"",IF(AND(G8>=D8,H8>=E8),"O","X"))
A9: 8 | B9: 46349 | C9: 2차 점검: 게재순위 8~20위 보강 | D9: 3 | E9: 2 | F9: 연말 절세 체크리스트 | I9: =IF(OR(G9="",H9=""),"",IF(AND(G9>=D9,H9>=E9),"O","X"))
A10: 9 | B10: 46356 | C10: 정기국회 세법 처리 속보 + ISA 글 업데이트 | D10: 4 | E10: 2 | F10: 세제개편안 확정 정리 | I10: =IF(OR(G10="",H10=""),"",IF(AND(G10>=D10,H10>=E10),"O","X"))
A11: 10 | B11: 46363 | C11: 클러스터 D | D11: 3 | E11: 2 | F11: 신규 상장 ETF 월간 정리 | I11: =IF(OR(G11="",H11=""),"",IF(AND(G11>=D11,H11>=E11),"O","X"))
A12: 11 | B12: 46370 | C12: 12월 마감 절세, 배당 기준일 | D12: 3 | E12: 2 | F12: 12/31 전에 할 일 / 배당 기준일 | I12: =IF(OR(G12="",H12=""),"",IF(AND(G12>=D12,H12>=E12),"O","X"))
A13: 12 | B13: 46377 | C13: 최종 점검, 2027년 1분기 계획 | D13: 3 | E13: 2 | F13: 연말정산 대비 글 준비 | I13: =IF(OR(G13="",H13=""),"",IF(AND(G13>=D13,H13>=E13),"O","X"))
C14: 합계 | D14: =SUM(D2:D13) | E14: =SUM(E2:E13) | G14: =SUM(G2:G13) | H14: =SUM(H2:H13)
